1,Nezuko,8oz Glass Candle,2022-10-28T11:55:24,IhJCpnxKWvqCLAOCPcrg5EHOkFbZY
1,Tanjiro,8oz Glass Candle,2022-10-28T11:55:24,IhJCpnxKWvqCLAOCPcrg5EHOkFbZY
1,Zagreus,8oz Glass Candle,2022-10-28T11:55:24,IhJCpnxKWvqCLAOCPcrg5EHOkFbZY
1,Nyx,8oz Glass Candle,2022-10-28T11:55:24,IhJCpnxKWvqCLAOCPcrg5EHOkFbZY
1,Joker,8oz Glass Candle,2022-10-28T11:55:24,IhJCpnxKWvqCLAOCPcrg5EHOkFbZY
1,Thanatos,8oz Glass Candle,2022-10-28T11:55:24,IhJCpnxKWvqCLAOCPcrg5EHOkFbZY
1,Hypnos,8oz Glass Candle,2022-10-28T11:55:24,IhJCpnxKWvqCLAOCPcrg5EHOkFbZY
1,Anya,Regular,2022-10-28T11:55:24,IhJCpnxKWvqCLAOCPcrg5EHOkFbZY
1,Loid,Regular,2022-10-28T11:55:24,IhJCpnxKWvqCLAOCPcrg5EHOkFbZY
1,Yor,Regular,2022-10-28T11:55:24,IhJCpnxKWvqCLAOCPcrg5EHOkFbZY
1,Phoenix Wright ,8oz Glass Candle,2022-10-16T14:50:26,wfSgTrlKV0kRHOgAZQSqIvxHYFdZY
1,Nezuko,8oz Glass Candle,2022-10-16T14:39:43,WqWwreIKNN17yCTnXU3VHVDP16NZY
1,Marianne,4oz Tin Candle,2022-10-16T14:38:38,41XeD3ladM0WHnb13DeCX2JowgLZY
1,Gumshoe,8oz Glass Candle,2022-10-16T14:31:23,OoNDFtW8YZxO4IIgbnj25Wdas9BZY
1,Ferdinand,4oz Tin Candle,2022-10-16T14:31:23,OoNDFtW8YZxO4IIgbnj25Wdas9BZY
1,Nyx,8oz Glass Candle,2022-10-16T14:31:23,OoNDFtW8YZxO4IIgbnj25Wdas9BZY
1,Maya Fey,4oz Tin Candle,2022-10-16T14:31:23,OoNDFtW8YZxO4IIgbnj25Wdas9BZY
1,Zagreus,8oz Glass Candle,2022-10-16T14:26:17,8fH4l3M1xf1DH1P0xs06k6MIIhKZY
1,Claude,4oz Tin Candle,2022-10-16T14:16:56,a8gRdDafE8Vaivkcm05OiYc43WfZY
1,Claude,8oz Glass Candle,2022-10-16T14:16:56,a8gRdDafE8Vaivkcm05OiYc43WfZY
1,Tanjiro,8oz Glass Candle,2022-10-16T14:16:56,a8gRdDafE8Vaivkcm05OiYc43WfZY
1,Car Diffusers,Dimitri,2022-10-16T14:16:56,a8gRdDafE8Vaivkcm05OiYc43WfZY
1,Phoenix Wright ,4oz Tin Candle,2022-10-16T13:46:14,sb1O7KSoTWqCeBRouPGf5UfGnROZY
1,Claude,4oz Tin Candle,2022-10-16T13:44:15,IJJk1AYL4t2z3faPTONL2eAjfcMZY
1,Gumshoe,4oz Tin Candle,2022-10-16T13:43:24,SuHVqI5fJDeeSxnb7DgbwR9PURJZY
1,Susato,8oz Glass,2022-10-16T13:43:24,SuHVqI5fJDeeSxnb7DgbwR9PURJZY
1,Annette,4oz Tin Candle,2022-10-16T13:43:24,SuHVqI5fJDeeSxnb7DgbwR9PURJZY
1,Gumshoe,4oz Tin Candle,2022-10-16T13:43:24,SuHVqI5fJDeeSxnb7DgbwR9PURJZY
1,Claude,8oz Glass Candle,2022-10-16T12:41:01,MdMDGSLwnBblvcVDnoGhDOq4i1QZY
1,Franziska,4oz Tin Candle,2022-10-16T12:26:14,QJ7ixl0nLxFc5nCuHlhnytOuv36YY
2,Felix,4oz Tin Candle,2022-10-16T12:21:53,YTYZg4Fp7ArBDVshhatnIoIv1KfZY
1,Yusuke,8oz Glass Candle,2022-10-16T11:58:46,4jCKeUR0q1SjwKIENNGUcPWxT0SZY
1,Joker,8oz Glass Candle,2022-10-16T11:56:19,O6wakiOtXGz53JxP48Pty0GFRB7YY
1,Hilda,4oz Tin,2022-10-16T11:39:42,uwNHgmejlpFFDeD1lcu3FqIEpkQZY
1,Akechi,4oz Tin Candle,2022-10-16T11:32:27,cNAxNKh5KgV4VNVt1hZRREp3dJTZY
1,Akechi,8oz Glass Candle,2022-10-16T11:25:14,IZrzC0VIgeBRE1iGxBzEzTB97bKZY
1,Miles Edgeworth ,8oz Glass Candle,2022-10-16T11:25:14,IZrzC0VIgeBRE1iGxBzEzTB97bKZY
1,Nyx,4oz Tin Candle,2022-10-16T11:25:14,IZrzC0VIgeBRE1iGxBzEzTB97bKZY
1,Zagreus,4oz Tin Candle,2022-10-16T11:17:46,KE6eLZ2YmSaxFpoKqQgC3LhHC9FZY
1,Nezuko,8oz Glass Candle,2022-10-16T11:05:41,msfuDqtcPBXPkmDZOtsSVQCdkVTZY
1,Tanjiro,8oz Glass Candle,2022-10-16T11:05:41,msfuDqtcPBXPkmDZOtsSVQCdkVTZY
1,Tanjiro,4oz Tin Candle,2022-10-16T11:05:41,msfuDqtcPBXPkmDZOtsSVQCdkVTZY
1,Miles Edgeworth ,4oz Tin Candle,2022-10-16T11:02:12,6ksJLa1yizSqZjGi9oIjnmi0mmUZY
1,Sylvain,8oz Glass,2022-10-16T11:00:06,o7SmYc8nXQk4g2sm1UatbVfuCGRZY
1,Gumshoe,4oz Tin Candle,2022-10-16T10:59:03,UAxMpwaN84lovMhzJIjBX3leV
1,Edelgard,8oz Glass Candle,2022-10-16T10:51:00,Ck846u9YNCQVA5C6mOPfObkJepZZY
1,Tanjiro,8oz Glass Candle,2022-10-16T10:48:29,meOzwgyLrsjVjFERcsMpIDUtclKZY
1,Ryunosuke,4oz Tin,2022-10-16T10:26:09,G09RAWFxJ2MQl3PYNpYW29hZtPBZY
1,Nyx,4oz Tin Candle,2022-10-16T10:24:30,qYe1ORqYLSCtss16APxknvBpVW8YY
1,Kazuma,4oz Tin,2022-10-09T14:58:02,qEeATAN0cI1FXAmoWZ95CePsmS7YY
1,Hypnos,4oz Tin Candle,2022-10-09T14:50:12,GWcqT94GhNoMV4KQlUosH6TqmN9YY
1,Car Diffusers,Zagreus,2022-10-09T14:33:19,2Y9ExRfNigSATvt9Zp1jVKACyyaZY
2,Stickers,Regular,2022-10-09T14:33:19,2Y9ExRfNigSATvt9Zp1jVKACyyaZY
1,Hypnos,8oz Glass Candle,2022-10-09T14:24:45,yyhz1UYyLDoCpc4CchHYcy15UNXZY
1,Thanatos,8oz Glass Candle,2022-10-09T13:43:39,SSfk4YFXHSr36Z1dMIJzo3EFY7LZY
1,Phoenix Wright ,8oz Glass Candle,2022-10-09T13:43:39,SSfk4YFXHSr36Z1dMIJzo3EFY7LZY
1,Zagreus,4oz Tin Candle,2022-10-09T13:43:39,SSfk4YFXHSr36Z1dMIJzo3EFY7LZY
1,Annette,8oz Glass Candle,2022-10-09T13:31:13,QdzPoBzdGDSwK9O2U2YyPrNNWO6YY
1,Miles Edgeworth ,4oz Tin Candle,2022-10-09T13:23:06,WohiJCyK00HiFZGot6kZ5FR8Yf8YY
1,Edelgard,Room Spray,2022-10-09T13:08:12,WwdQcBPOrHMmO7DcYvlVMc5g5CQZY
1,Nyx,8oz Glass Candle,2022-10-09T13:08:12,WwdQcBPOrHMmO7DcYvlVMc5g5CQZY
1,Gumshoe,4oz Tin Candle,2022-10-09T13:02:49,2GI2pdQ4tcPKdbQnDrLHqla7dTFZY
1,Nyx,4oz Tin Candle,2022-10-09T12:43:37,gpxTvZefq5Y8RdJLwac1YLxIBDNZY
1,Ferdinand,4oz Tin Candle,2022-10-09T12:43:07,6IEA1utqufBFtzmDQplLo7zIRqXZY
1,Phoenix Wright ,Room Spray,2022-10-09T12:40:41,wjk8NlcvtNrY4qOkDlQT5j6cHvdZY
1,Nyx,4oz Tin Candle,2022-10-09T12:38:55,YB9YgO1S8BFrnoqpqG4xh6b521QZY
1,Kazuma,4oz Tin,2022-10-09T12:30:31,aMghh2HVcFlIwMabYgefJYL43pdZY
1,Zagreus,4oz Tin Candle,2022-10-09T12:30:31,aMghh2HVcFlIwMabYgefJYL43pdZY
1,Herlock Sholmes,4oz Tin Candle,2022-10-09T12:30:31,aMghh2HVcFlIwMabYgefJYL43pdZY
1,Hypnos,4oz Tin Candle,2022-10-09T12:30:31,aMghh2HVcFlIwMabYgefJYL43pdZY
1,Yuri,4oz Tin Candle,2022-10-09T12:30:31,aMghh2HVcFlIwMabYgefJYL43pdZY
1,Birthday Card,Maya,2022-10-09T12:25:12,mMjsZ8tv71VK30arnz8EHcP4xsLZY
1,Birthday Card,Franziska,2022-10-09T12:25:12,mMjsZ8tv71VK30arnz8EHcP4xsLZY
1,Birthday Card,Phoenix,2022-10-09T12:15:53,0ZYf0bUb0CQ0ta6xg0MhvyTf4gDZY
1,Birthday Card,Miles,2022-10-09T12:15:53,0ZYf0bUb0CQ0ta6xg0MhvyTf4gDZY
2,Stickers,Regular,2022-10-09T12:15:53,0ZYf0bUb0CQ0ta6xg0MhvyTf4gDZY
1,Herlock Sholmes,4oz Tin Candle,2022-10-09T12:06:38,MrNEgyZHegC3wgjoqMAlIIYsaIdZY
1,Yusuke,4oz Tin Candle,2022-10-09T11:24:16,4MwhRLAVbRCH2NiHF1mrqEveV
1,Wick Trimmer,Regular,2022-10-09T11:24:16,4MwhRLAVbRCH2NiHF1mrqEveV
1,Hypnos,8oz Glass Candle,2022-10-09T11:19:46,SMWV2uVv9jsBdmsEFiUZxlU1vV7YY
1,Edelgard,8oz Glass Candle,2022-10-09T11:08:43,sH9J6JgYvYLuW0d4qjL0pb6duYeZY
1,Zagreus,4oz Tin Candle,2022-10-09T10:30:58,W2A80ou2uRnLV6xuqTCsWGNO0jJZY
1,Yusuke,8oz Glass Candle,2022-10-09T10:30:58,W2A80ou2uRnLV6xuqTCsWGNO0jJZY
1,Birthday Card,Zagreus,2022-10-09T10:30:58,W2A80ou2uRnLV6xuqTCsWGNO0jJZY
1,Joker,4oz Tin Candle,2022-10-09T10:30:58,W2A80ou2uRnLV6xuqTCsWGNO0jJZY
1,Ferdinand,Room Spray,2022-10-09T10:27:10,ATqtroQ9KkOfDHDz5J1Cly6ZS2dZY
1,Franziska,8oz Glass Candle,2022-10-09T10:25:49,OQTCqMj2QAgJiHe18bwEAsblCMFZY
1,Birthday Card,Gumshoe,2022-10-09T10:25:49,OQTCqMj2QAgJiHe18bwEAsblCMFZY
1,Joker,8oz Glass Candle,2022-10-09T10:19:54,yQmAYdaiKX7WO9fYgSzz4Al1PH8YY
1,Sylvain,8oz Glass,2022-10-09T10:19:54,yQmAYdaiKX7WO9fYgSzz4Al1PH8YY
1,Akechi,4oz Tin Candle,2022-10-09T10:19:54,yQmAYdaiKX7WO9fYgSzz4Al1PH8YY
1,Zagreus,4oz Tin Candle,2022-10-09T10:17:39,KA0SKNLaZfILviceHoiwmyjY0gCZY
1,Claude,4oz Tin Candle,2022-10-09T09:50:09,QFz52lGVi7IuF1vnQgVE3VJqRlOZY
1,Dimitri,Room Spray,2022-10-08T16:31:59,GiwVh74KzSIAJbqUcNrhU2fOBPTZY
1,Nyx,8oz Glass Candle,2022-10-08T16:21:32,oH4a4pn2pszDE0XaohbfPd5GPaFZY
1,Tanjiro,8oz Glass Candle,2022-10-08T16:12:21,euuAzf3czVJgkbXzHeeYRdmL30QZY
1,Birthday Card,Phoenix,2022-10-08T15:49:58,gjyXGQursrOAr4v7vBnbKWL3IrXZY
1,Edelgard,8oz Glass Candle,2022-10-08T15:31:42,KMkbUTMvSlUyGybZ4HHr3ZO0wSLZY
1,Joker,8oz Glass Candle,2022-10-08T15:31:42,KMkbUTMvSlUyGybZ4HHr3ZO0wSLZY
1,Nyx,4oz Tin Candle,2022-10-08T15:31:42,KMkbUTMvSlUyGybZ4HHr3ZO0wSLZY
1,Yusuke,4oz Tin Candle,2022-10-08T14:57:58,8vfg3qRvFT2YE4qpnyTCsOEhUqLZY
1,Claude,4oz Tin Candle,2022-10-08T14:39:21,Az6JDDhGTmoS3Ywfg1P4ZZm5XcWZY
1,Joker,4oz Tin Candle,2022-10-08T14:15:50,OqoOC8YiUiPjysbp2HTEFrtcxaMZY
1,Miles Edgeworth ,4oz Tin Candle,2022-10-08T14:15:50,OqoOC8YiUiPjysbp2HTEFrtcxaMZY
1,Franziska,4oz Tin Candle,2022-10-08T14:15:50,OqoOC8YiUiPjysbp2HTEFrtcxaMZY
1,Akechi,8oz Glass Candle,2022-10-08T14:15:50,OqoOC8YiUiPjysbp2HTEFrtcxaMZY
1,Hubert,8oz Glass,2022-10-08T13:55:46,KQyVulL6jFXo4TAs698vmJVtHNeZY
1,Akechi,4oz Tin Candle,2022-10-08T13:49:03,6EMvQzSMqXzIPHlg84LRv8wEvcZZY
1,Yuri,4oz Tin Candle,2022-10-08T13:35:48,QrehED1UCTPjJGhwCDJwLWM0wjMZY
3,Stickers,Regular,2022-10-08T13:31:29,WO4s7F8Q3bEzpjWruzn9nsz0tDWZY
1,Joker,4oz Tin Candle,2022-10-08T13:10:49,It3QkCRz7tPth0IFca5XkpCjDSPZY
1,Annette,8oz Glass Candle,2022-10-08T13:01:34,WiGAuGWetRyd80XirkerRLB924FZY
1,Zagreus,4oz Tin Candle,2022-10-08T12:34:14,EtqvDWKMJP15TwfuEqfBuWQR1uBZY
1,Joker,4oz Tin Candle,2022-10-08T12:11:55,kZgRoRGiuhvnINyOc2qRou8iwJXZY
1,Susato,4oz Tin,2022-10-08T11:57:15,OIDeZHZuyeRT2rOiPJUMlxsYV9WZY
1,Gumshoe,8oz Glass Candle,2022-10-08T11:40:53,ETlRW2HSivVZ5VsJu6UQcvvQb87YY
1,Zagreus,4oz Tin Candle,2022-10-08T11:40:53,ETlRW2HSivVZ5VsJu6UQcvvQb87YY
1,Ryunosuke,8oz Glass,2022-10-08T11:40:53,ETlRW2HSivVZ5VsJu6UQcvvQb87YY
1,Ferdinand,4oz Tin Candle,2022-10-08T11:36:34,yShNiI5eXEL9Y6RN7uyBoaTM3zbZY
1,Wax Melt Sample Packs,Hades,2022-10-08T11:30:19,GWCfElUKF3IV6frky6ufPgy0CoVZY
1,Ferdinand,4oz Tin Candle,2022-10-08T10:22:34,Gj8rjEJWMLpqKLlRPLBKjq2eV
1,Annette,4oz Tin Candle,2022-09-25T15:00:19,CWXlm9HKS47Nmu9OscuvvnXYKFDZY
1,Hilda,4oz Tin,2022-09-25T15:00:19,CWXlm9HKS47Nmu9OscuvvnXYKFDZY
1,Wick Trimmer,Regular,2022-09-25T14:37:56,Ar6HP4IC5CIcRnh1bHLEuN7opFaZY
1,Birthday Card,Dimitri,2022-09-25T14:32:28,Gm2VyK1lNhJb7GFKwt5BQGyEk1BZY
1,Birthday Card,Dimitri,2022-09-25T14:31:49,KweLO5y0DyMAySVA2rgLJTa7RmbZY
1,Claude,4oz Tin Candle,2022-09-25T14:26:44,CuhGDX5yjUmR2m1DgDpMi8Oev17YY
1,Hubert,4oz Tin,2022-09-25T14:21:42,I9PcOIMS7H3T9c8FZxa88rKpwXFZY
1,Claude,Room Spray,2022-09-25T14:19:22,EPRmxiALTV6Yeo3ai0PR20Hu1sQZY
1,Wax Melt Sample Packs,Hades,2022-09-25T14:12:42,CiLSXm20zOZU6HGls2y5oRV540FZY
1,Edelgard,8oz Glass Candle,2022-09-25T14:06:11,aebQive8geFLUwFGLK8LXZJbhmaZY
1,Maya Fey,4oz Tin Candle,2022-09-25T13:54:24,Kw40KwOeMs5pVPOoGmLTlQqH9gQZY
1,Nyx,4oz Tin Candle,2022-09-25T13:54:24,Kw40KwOeMs5pVPOoGmLTlQqH9gQZY
1,Hypnos,4oz Tin Candle,2022-09-25T13:54:24,Kw40KwOeMs5pVPOoGmLTlQqH9gQZY
1,Dimitri,4oz Tin Candle,2022-09-25T13:47:07,8XLgn3YPa4NFZ3yEYry8GWR9IrBZY
1,Thanatos,8oz Glass Candle,2022-09-25T13:41:42,GSOwXGtsxDSY7GFJ2LRySXl4VHRZY
1,Gumshoe,8oz Glass Candle,2022-09-25T13:40:38,sZ8o8ZgXDwaAEjYheP9DoQzCPo7YY
1,Wick Trimmer,Regular,2022-09-25T13:35:34,YZdIvAdptVVjoi2C7Io0Cz43VoIZY
1,Miles Edgeworth ,4oz Tin Candle,2022-09-25T13:24:48,ekrXUwG1R8Qe4LpuFlm3MnbaOSYZY
1,Annette,4oz Tin Candle,2022-09-25T13:23:02,2gFEUx2VhiAGuPXfWUyR1Pjos4OZY
1,Dimitri,4oz Tin Candle,2022-09-25T13:23:02,2gFEUx2VhiAGuPXfWUyR1Pjos4OZY
1,Car Diffusers,Dimitri,2022-09-25T13:20:34,M1CA0FewXvFgqz6sI7uPXJUFVCYZY
1,Dimitri,4oz Tin Candle,2022-09-25T13:16:43,sbBo9Ax5C2q5i7I2qLSgWFSD8QKZY
1,Zagreus,4oz Tin Candle,2022-09-25T13:16:43,sbBo9Ax5C2q5i7I2qLSgWFSD8QKZY
1,Ferdinand,4oz Tin Candle,2022-09-25T13:16:43,sbBo9Ax5C2q5i7I2qLSgWFSD8QKZY
1,Maya Fey,4oz Tin Candle,2022-09-25T13:16:43,sbBo9Ax5C2q5i7I2qLSgWFSD8QKZY
1,Zagreus,4oz Tin Candle,2022-09-25T13:16:43,sbBo9Ax5C2q5i7I2qLSgWFSD8QKZY
1,Birthday Card,Phoenix,2022-09-25T13:12:32,iCpdLQoszVdD1Nh2EkXPnKMkuFWZY
1,Stickers,Regular,2022-09-25T13:09:02,gfsTvdyJkHq3RjYJs0GmwvZNBSRZY
1,Tanjiro,8oz Glass Candle,2022-09-25T13:07:58,iQWuIBh7GV9XmJqPtVR37YMwe9FZY
1,Miles Edgeworth ,Room Spray,2022-09-25T13:03:29,yw2koKJmEOZDH1QJqOpkJEGwHhVZY
1,Wax Melt Sample Packs,Ace Attorney,2022-09-25T13:03:29,yw2koKJmEOZDH1QJqOpkJEGwHhVZY
1,Stickers,Regular,2022-09-25T12:55:27,CaJ9S71fmT2crZxEPJxqGMB94IOZY
1,Kazuma,4oz Tin,2022-09-25T12:55:27,CaJ9S71fmT2crZxEPJxqGMB94IOZY
7,Stickers,Regular,2022-09-25T12:53:43,oz6caZEKXZtAHoJGxaQYD5JMHMbZY
1,Miles Edgeworth ,Wax Melts,2022-09-25T12:53:43,oz6caZEKXZtAHoJGxaQYD5JMHMbZY
1,Annette,4oz Tin Candle,2022-09-25T12:40:39,WeEk2jh97g0IeouWaIIuACSd09LZY
1,Nyx,4oz Tin Candle,2022-09-25T12:40:05,sHLwm3eHLb26xf8gIMLU37xAUr6YY
1,Nezuko,8oz Glass Candle,2022-09-25T12:37:57,8VWkOd5yl00ia2GTS7eLte4f96JZY
1,Franziska,8oz Glass Candle,2022-09-25T12:31:28,83Dm2IjRwiZoAU7FMJIWydPjY0GZY
1,Hubert,4oz Tin,2022-09-25T12:27:17,e098SNNB5QTCTslwUPrbAfSWlJSZY
1,Franziska,4oz Tin Candle,2022-09-25T12:27:17,e098SNNB5QTCTslwUPrbAfSWlJSZY
1,Stickers,Regular,2022-09-25T12:24:46,8tq0orHuiIz2b0FJ8cFedQ7NvEeZY
1,Miles Edgeworth ,4oz Tin Candle,2022-09-25T12:09:47,4nCloKnXtSmq4kx9RhtE3ERCjsKZY
1,Ryunosuke,4oz Tin,2022-09-25T12:09:47,4nCloKnXtSmq4kx9RhtE3ERCjsKZY
1,Zagreus,4oz Tin Candle,2022-09-25T12:08:10,g3K4NRMzk4r4YIJRh9W50TnQpCEZY
1,Hypnos,4oz Tin Candle,2022-09-25T12:08:10,g3K4NRMzk4r4YIJRh9W50TnQpCEZY
2,Stickers,Regular,2022-09-25T12:08:10,g3K4NRMzk4r4YIJRh9W50TnQpCEZY
1,Phoenix Wright ,4oz Tin Candle,2022-09-25T12:06:54,sfZHd14aakal5rl9jar3AnnCZgbZY
1,Claude,4oz Tin Candle,2022-09-25T11:54:21,ANvNZUYVGLgESfJa0CxuBKeRfFMZY
1,Ryunosuke,4oz Tin,2022-09-25T11:49:39,2ikVx93b1rHTZjInz3TYsOPtO6eZY
1,Birthday Card,Thanatos,2022-09-25T11:35:46,eIrwJQN4CcqXd6DCg1eR04xvzrUZY
1,Wax Melt Sample Packs,Hades,2022-09-25T11:35:46,eIrwJQN4CcqXd6DCg1eR04xvzrUZY
1,Dimitri,Room Spray,2022-09-25T11:18:30,K4YawZyVFM4zHJXIeUsd4rmqRtGZY
1,Hubert,4oz Tin,2022-09-25T11:08:46,yyns6ViOLAJyk6uhWdmInoRUO99YY
1,Stickers,Regular,2022-09-25T11:02:29,Av0VC3twXGd8WhEs1wzjkrrYTMBZY
1,Tanjiro,4oz Tin Candle,2022-09-25T10:58:35,8t47WseL7xLf74BXyg2NbJUYicKZY
1,Claude,8oz Glass Candle,2022-09-25T10:56:07,mSqUSps5NW0L8UESvQeSjNGhFy5YY
1,Tanjiro,8oz Glass Candle,2022-09-25T10:49:28,I7IPJwQjqW6mJe98XrtohyQhjuAZY
1,Herlock Sholmes,4oz Tin Candle,2022-09-25T10:24:32,gVXtWUGHZGAi0c28J7lvsMLk02GZY
1,Hilda,8oz Glass,2022-09-25T10:20:43,yWtGCPVTTNdsPPPhPKsSgaAbA5QZY
1,Ferdinand,4oz Tin Candle,2022-09-25T10:17:12,ghPM9Mp3iRwNrpGDnWNrbxeHVYGZY
3,Stickers,Regular,2022-09-25T10:17:12,ghPM9Mp3iRwNrpGDnWNrbxeHVYGZY
1,Dimitri,8oz Glass Candle,2022-09-25T10:01:26,QRBj59QmSyVdZUyKuiJTyahCupBZY
1,Hubert,8oz Glass,2022-09-25T10:01:26,QRBj59QmSyVdZUyKuiJTyahCupBZY
1,Nyx,4oz Tin Candle,2022-09-25T10:01:26,QRBj59QmSyVdZUyKuiJTyahCupBZY
1,Susato,4oz Tin,2022-09-25T10:01:26,QRBj59QmSyVdZUyKuiJTyahCupBZY
1,Susato,8oz Glass,2022-09-25T09:55:31,KUcf1LncR9Yc1bDRTTPdeUnp07TZY
1,Stickers,Regular,2022-09-25T09:53:09,UblJmshCtMoD1gTUzWAbPUgR73RZY
1,Dimitri,4oz Tin Candle,2022-09-25T09:47:16,e0nte6oBMDIyZJLlxQIQ3HwpXASZY
1,Sylvain,4oz Tin,2022-09-25T09:18:11,4X0c9STIMXA18CHLtgUxaBLr8SaZY
1,Franziska,4oz Tin Candle,2022-09-22T17:51:01,Wwb9xiq1B4SmRkCdvAhKotrQtnNZY
1,Akechi,4oz Tin Candle,2022-09-22T17:51:01,Wwb9xiq1B4SmRkCdvAhKotrQtnNZY
1,Claude,4oz Tin Candle,2022-09-22T17:51:01,Wwb9xiq1B4SmRkCdvAhKotrQtnNZY
1,Thanatos,4oz Tin Candle,2022-09-22T16:34:06,iwwpfFIvKF69bWWQfVISfCuJROGZY
1,Dimitri,4oz Tin Candle,2022-09-22T16:34:06,iwwpfFIvKF69bWWQfVISfCuJROGZY
1,Gumshoe,8oz Glass Candle,2022-09-22T16:34:06,iwwpfFIvKF69bWWQfVISfCuJROGZY
1,Hubert,4oz Tin,2022-09-22T16:34:06,iwwpfFIvKF69bWWQfVISfCuJROGZY
1,Stickers,Regular,2022-09-22T15:58:14,eUpWOeKlfy8gT9hwqV2vFqjLjHMZY
1,Sylvain,4oz Tin,2022-09-22T15:39:51,mO2zcaprZsJDcbsXRLvJcq9Jz07YY
1,Hilda,4oz Tin,2022-09-22T15:24:42,eUFo6DIijmkCb2zLq1Y2jxwyr7AZY
1,Sylvain,4oz Tin,2022-09-22T15:24:42,eUFo6DIijmkCb2zLq1Y2jxwyr7AZY
1,Dimitri,Room Spray,2022-09-22T15:09:04,EBuYpKqmth4UbaAkr6DrzUWNv4eZY
1,Nyx,4oz Tin Candle,2022-09-18T18:13:13,eg3g7H0n5grzKYDmIE3ZIwDHMiYZY
1,Zagreus,4oz Tin Candle,2022-09-18T18:11:51,8brRSS7fzjR97Rhu2MXS6kpOTzfZY
1,Thanatos,4oz Tin Candle,2022-09-18T18:11:51,8brRSS7fzjR97Rhu2MXS6kpOTzfZY
1,Tanjiro,4oz Tin Candle,2022-09-18T18:11:51,8brRSS7fzjR97Rhu2MXS6kpOTzfZY
1,Nezuko,4oz Tin Candle,2022-09-18T18:11:51,8brRSS7fzjR97Rhu2MXS6kpOTzfZY
1,Phoenix Wright ,4oz Tin Candle,2022-09-18T18:11:51,8brRSS7fzjR97Rhu2MXS6kpOTzfZY
1,Zagreus,4oz Tin Candle,2022-09-18T18:02:00,6M2c1dzLOQV36GdfVjvxf0HNQodZY
1,Thanatos,4oz Tin Candle,2022-09-18T18:02:00,6M2c1dzLOQV36GdfVjvxf0HNQodZY
1,Tanjiro,4oz Tin Candle,2022-09-18T17:12:02,w7cwK8A5kMhKEj2dn0Zw1Vpy3z9YY
1,Yusuke,4oz Tin Candle,2022-09-18T17:11:46,GqiMthGVE0PlWZfpgPWLSwhOauAZY
1,Zagreus,4oz Tin Candle,2022-09-18T16:59:46,gTY241pFcu6kJIH7zPy063LRSIGZY
1,Ferdinand,4oz Tin Candle,2022-09-18T16:27:51,aksVX2q8TO52k5qcVWfD947OabMZY
1,Annette,4oz Tin Candle,2022-09-18T16:27:51,aksVX2q8TO52k5qcVWfD947OabMZY
1,Hypnos,8oz Glass Candle,2022-09-18T16:27:00,iejdkuENit76MYfisHaA1qsmOAFZY
1,Wick Trimmer,Regular,2022-09-18T16:20:25,2SwPFjNS0b3vVqWOHio2th7HfUKZY
1,Zagreus,8oz Glass Candle,2022-09-18T16:09:11,Eh4BJNTvABP9oP71rgh46gL6viEZY
1,Nezuko,4oz Tin Candle,2022-09-18T16:04:42,sRwWFxGK7nakAlKbwYXHqorYcDUZY
1,Phoenix Wright ,4oz Tin Candle,2022-09-18T16:01:53,OAjkntTmrkuuCwOCuF2it0TwPhYZY
1,Yusuke,8oz Glass Candle,2022-09-18T15:54:38,kFGl0qxvU1yDREwPiRKZ9NPfaMGZY
1,Franziska,8oz Glass Candle,2022-09-18T15:51:07,2QfFiuJAN963NPNPviGqfALe1MQZY
1,Tanjiro,8oz Glass Candle,2022-09-18T15:51:07,2QfFiuJAN963NPNPviGqfALe1MQZY
1,Nyx,4oz Tin Candle,2022-09-18T15:51:07,2QfFiuJAN963NPNPviGqfALe1MQZY
1,Claude,4oz Tin Candle,2022-09-18T15:38:24,Cm5c9UkxMGO5I7uI0JtoujK3lRUZY
1,Hypnos,4oz Tin Candle,2022-09-18T15:14:37,gtH1tgr6u55pTekP2OmWkHqhXfCZY
1,Hypnos,8oz Glass Candle,2022-09-18T15:13:40,kRWGsBmhmIGk8j6n3A6xkdqLQz8YY
1,Yusuke,4oz Tin Candle,2022-09-18T15:12:52,ySLCM7YSuBcqMqEoMYIycpzkRu8YY
1,Stickers,Regular,2022-09-18T15:11:20,0FSXtoDD5Gq87KeNArlprc5M8fNZY
1,Dimitri,4oz Tin Candle,2022-09-18T14:05:35,I5NUo36f3klrUvvkwbpUt4b30u7YY
1,Franziska,4oz Tin Candle,2022-09-18T13:59:42,C6nosbfBtIIW9IYuJ31L02nOvnRZY
1,Kazuma,4oz Tin,2022-09-18T13:51:12,uOcnYknJWb4GdmIorKQeRSTCoEVZY
1,Hypnos,4oz Tin Candle,2022-09-18T13:46:17,WqYvkrafkeETToPjKNE5ANzSYTDZY
1,Tanjiro,4oz Tin Candle,2022-09-18T13:46:17,WqYvkrafkeETToPjKNE5ANzSYTDZY
1,Nyx,8oz Glass Candle,2022-09-18T13:26:22,cBQMlertdBP8A0eSmwkRQfVqOFXZY
1,Miles Edgeworth ,8oz Glass Candle,2022-09-18T13:26:22,cBQMlertdBP8A0eSmwkRQfVqOFXZY
1,Felix,4oz Tin Candle,2022-09-18T13:26:22,cBQMlertdBP8A0eSmwkRQfVqOFXZY
1,Nezuko,4oz Tin Candle,2022-09-18T13:25:24,m8nEcHISokjXrMnqYfiv8rP5Ad7YY
1,Dimitri,4oz Tin Candle,2022-09-18T13:23:40,eYtfO8YS2GKsO0NHYdGU5HhrNJ9YY
1,Yuri,4oz Tin Candle,2022-09-18T13:14:36,C4G6zONDdFTxa1RE5AUyW8jliQHZY
1,Claude,4oz Tin Candle,2022-09-18T13:13:48,831TsoCMmZIcg0bks06h8VooyTGZY
1,Nyx,4oz Tin Candle,2022-09-18T13:11:19,SalVwAPEPjseSj8HaEWnq61EJiHZY
1,Sylvain,4oz Tin,2022-09-18T13:07:43,ADOlMadbeShs9qi51whOtF8U46TZY
1,Dimitri,4oz Tin Candle,2022-09-18T12:42:17,gf4V11uymf9nzzuQ9qL9lLZbFU9YY
1,Marianne,Room Spray,2022-09-18T12:32:18,0jhZu6sG6vDbKc73kL5ENKs6P9LZY
1,Franziska,4oz Tin Candle,2022-09-18T12:29:37,wZ7O5o5pcsBmGT43mNVjD2LJw9cZY
1,Birthday Card,Zagreus,2022-09-18T12:14:00,YFJB6MQxjj4n0jR5fsYwv5wtHeYZY
1,Dimitri,4oz Tin Candle,2022-09-18T12:08:55,O6oGm1hde5U6UCAR1NNDwI7jcxNZY
1,Birthday Card,Phoenix,2022-09-18T11:41:54,GEzizJX9j7WwWhElAUv6sto9ms9YY
1,Claude,Room Spray,2022-09-18T11:31:52,YhvRmHtu2h3uHrt8LDRns7u7sOAZY
1,Thanatos,4oz Tin Candle,2022-09-18T11:19:35,8hkmbwhX4SRUapJguKkhAHtbWreZY
1,Annette,4oz Tin Candle,2022-09-18T10:25:50,u2wh9CUtAcT1KSNmcSUDuvbNuICZY
1,Nyx,4oz Tin Candle,2022-09-11T16:49:34,qJ4uSFDy4OP4e6tyMdpMOn1eV
1,Birthday Card,Zagreus,2022-09-11T16:49:34,qJ4uSFDy4OP4e6tyMdpMOn1eV
1,Thanatos,4oz Tin Candle,2022-09-11T16:26:24,kwZIY72TRT0XTmfyLr5ZPkgeV
1,Claude,4oz Tin Candle,2022-09-11T15:28:51,aTn9awY0hQdD0sFwuMxREp1eV
1,Wick Trimmer,Regular,2022-09-11T15:18:32,6fRfoaHmnQ4LkYo4soeMC6seV
1,Miles Edgeworth ,8oz Glass Candle,2022-09-11T15:15:59,OhHKXee0AH7Y2b5zR0sISTpeV
1,Hubert,4oz Tin,2022-09-11T15:15:59,OhHKXee0AH7Y2b5zR0sISTpeV
1,Zagreus,4oz Tin Candle,2022-09-11T15:15:59,OhHKXee0AH7Y2b5zR0sISTpeV
1,Nezuko,4oz Tin Candle,2022-09-11T15:15:59,OhHKXee0AH7Y2b5zR0sISTpeV
1,Wick Trimmer,Regular,2022-09-11T14:53:32,cAnQtYud0zjAQSLL82uCgv4eV
1,Hypnos,4oz Tin Candle,2022-09-11T14:53:22,sYjsiegjBc3oJQCJsYtxDmmeV
1,Joker,4oz Tin Candle,2022-09-11T14:31:40,K5gEB0xu7uuWD7Yh43hGVm0eV
1,Kazuma,4oz Tin,2022-09-11T14:18:30,ebe9pof1JpI4erK666baGvmeV
1,Annette,4oz Tin Candle,2022-09-11T14:11:30,kkPCssRfaCcKHnJrsqTdkJxeV
2,Stickers,Regular,2022-09-11T14:09:24,oWXOY5FowyqKoq1icq2AAwqeV
1,Felix,4oz Tin Candle,2022-09-11T13:37:12,g0M4MTm2Cpi8z1S2xs7wg96eV
1,Tanjiro,8oz Glass Candle,2022-09-11T13:15:37,YWpv70dE9CnEkKavoO8TpGveV
1,Joker,8oz Glass Candle,2022-09-11T13:15:37,YWpv70dE9CnEkKavoO8TpGveV
1,Miles Edgeworth ,4oz Tin Candle,2022-09-11T13:15:37,YWpv70dE9CnEkKavoO8TpGveV
1,Wick Trimmer,Regular,2022-09-11T13:03:08,0s3SaQPP83TzDiqK0OPpGrxeV
1,Wick Trimmer,Regular,2022-09-11T13:01:16,0yArxUuM2weoHwG4h4idIzmeV
1,Thanatos,4oz Tin Candle,2022-09-11T12:49:19,m5ZwTUOiJlJ7dETNFkf2M8oeV
1,Zagreus,4oz Tin Candle,2022-09-11T12:46:38,mXMQERu09DjP0vOXGYzY6oweV
1,Tanjiro,4oz Tin Candle,2022-09-11T12:32:50,UIHh7c3u0CnYeBFeNpPZoJjeV
1,Tanjiro,4oz Tin Candle,2022-09-11T12:21:57,g8CvN8aAmb0TncZb3X5S066eV
1,Hypnos,4oz Tin Candle,2022-09-11T12:10:30,4s8rb3L2SAcSfzTGmPijAXweV
1,Gumshoe,4oz Tin Candle,2022-09-11T12:00:34,iXbt7jitiA2dA9VITKpCDlxeV
1,Tanjiro,4oz Tin Candle,2022-09-11T12:00:18,yDR9eTBU1EvpDVYPe53YCIleV
1,Nyx,4oz Tin Candle,2022-09-10T15:03:48,gDedQf8pbRsXBYWMZSAgtCI2BIQZY
1,Tanjiro,4oz Tin Candle,2022-09-10T15:02:39,klgOasFRC24S80cWilSNn887t8EZY
1,Birthday Card,Edelgard,2022-09-10T14:29:00,CUW9u92wlkqE641wjvgDszlP3pDZY
1,Zagreus,4oz Tin Candle,2022-09-10T14:25:16,2mAWF40sd5caZOmxMjnfJmCBlF9YY
1,Zagreus,4oz Tin Candle,2022-09-10T14:18:42,6i3PneAXKpp6b1D3tdRFI8OF82IZY
1,Phoenix Wright ,4oz Tin Candle,2022-09-10T14:01:53,q4qxrAUxn5TYbNkZRRah0oP1DrBZY
1,Kazuma,4oz Tin,2022-09-10T13:57:11,Soc90SV9dD9gbdbgEA4ub6X11gcZY
1,Akechi,4oz Tin Candle,2022-09-10T13:57:11,Soc90SV9dD9gbdbgEA4ub6X11gcZY
2,Nezuko,8oz Glass Candle,2022-09-10T13:54:54,Ki1oXsluRolJ7rxQPbFaQ3RwOtXZY
1,Joker,8oz Glass Candle,2022-09-10T13:54:54,Ki1oXsluRolJ7rxQPbFaQ3RwOtXZY
1,Phoenix Wright ,4oz Tin Candle,2022-09-10T13:54:54,Ki1oXsluRolJ7rxQPbFaQ3RwOtXZY
1,Annette,4oz Tin Candle,2022-09-10T13:54:54,Ki1oXsluRolJ7rxQPbFaQ3RwOtXZY
1,Gumshoe,4oz Tin Candle,2022-09-10T13:54:54,Ki1oXsluRolJ7rxQPbFaQ3RwOtXZY
1,Nyx,8oz Glass Candle,2022-09-10T13:29:33,IfahGgXqrpGoqJDHuD3N8wiFPtUZY
1,Kazuma,8oz Glass,2022-09-10T13:26:10,Uxo7NEW5J0moWTqgZUAbFsR3Z58YY
1,Thanatos,4oz Tin Candle,2022-09-10T13:25:21,oFTsGP7fNpg5sw4JObw4OAfFY8BZY
1,Claude,4oz Tin Candle,2022-09-10T13:15:02,s3RpL1ERhwawXBqINhiNaIHiCnWZY
1,Gumshoe,4oz Tin Candle,2022-09-10T13:05:36,u6GvlXHI9ojmwzcMCfA7Ic2HqQJZY
1,Phoenix Wright ,4oz Tin Candle,2022-09-10T13:05:36,u6GvlXHI9ojmwzcMCfA7Ic2HqQJZY
1,Sylvain,4oz Tin,2022-09-10T13:05:36,u6GvlXHI9ojmwzcMCfA7Ic2HqQJZY
1,Tanjiro,4oz Tin Candle,2022-09-10T13:05:36,u6GvlXHI9ojmwzcMCfA7Ic2HqQJZY
1,Nyx,4oz Tin Candle,2022-09-10T13:01:01,gVVitM9wq9IDiEcfLAXrPA1Q53IZY
1,Edelgard,4oz Tin Candle,2022-09-10T13:01:01,gVVitM9wq9IDiEcfLAXrPA1Q53IZY
1,Tanjiro,8oz Glass Candle,2022-09-10T12:55:08,4pJEKM9zeNygnca9gtv7BXrDwRRZY
1,Tanjiro,8oz Glass Candle,2022-09-10T12:54:38,sXRlrKLS6hIPyMpHP4OVZmuWO2fZY
1,Hilda,4oz Tin,2022-09-10T12:54:38,sXRlrKLS6hIPyMpHP4OVZmuWO2fZY
1,Hypnos,4oz Tin Candle,2022-09-10T12:46:32,AvYlJ7lQ8lrCSs9K6YfClNlf4faZY
1,Birthday Card,Maya,2022-09-10T12:38:23,0twYzsTHEYaBCGGVMyPgjMPaRYRZY
1,Birthday Card,Dimitri,2022-09-10T12:38:23,0twYzsTHEYaBCGGVMyPgjMPaRYRZY
1,Dimitri,4oz Tin Candle,2022-09-10T12:19:49,E7rKo7xmE8Q0TocN7DoO0vocazIZY
1,Marianne,4oz Tin Candle,2022-09-10T12:19:49,E7rKo7xmE8Q0TocN7DoO0vocazIZY
1,Hilda,8oz Glass,2022-09-10T12:17:20,UDP2ZTaCva6UnBmvYQUL1bDBIGBZY
1,Dimitri,Room Spray,2022-09-10T12:17:20,UDP2ZTaCva6UnBmvYQUL1bDBIGBZY
1,Birthday Card,Zagreus,2022-09-10T12:17:20,UDP2ZTaCva6UnBmvYQUL1bDBIGBZY
1,Miles Edgeworth ,4oz Tin Candle,2022-09-10T12:17:20,UDP2ZTaCva6UnBmvYQUL1bDBIGBZY
1,Birthday Card,Thanatos,2022-09-10T12:15:26,IvWNTqtZb2ewsl2NVXi51jkpsKbZY
1,Zagreus,4oz Tin Candle,2022-09-10T12:12:40,KAuR9CbvAHPHYPi6psYvne66JbWZY
1,Thanatos,4oz Tin Candle,2022-09-10T12:12:40,KAuR9CbvAHPHYPi6psYvne66JbWZY
1,Miles Edgeworth ,4oz Tin Candle,2022-09-10T12:08:46,Ilt5eKQl2AMtwHYzs778uGketqaZY
1,Annette,4oz Tin Candle,2022-09-10T11:55:10,usPrDX8ochVL4G8edmNb2Z4NF3TZY
1,Sylvain,4oz Tin,2022-09-10T11:55:10,usPrDX8ochVL4G8edmNb2Z4NF3TZY
1,Ferdinand,4oz Tin Candle,2022-09-10T11:55:10,usPrDX8ochVL4G8edmNb2Z4NF3TZY
1,Nezuko,4oz Tin Candle,2022-09-10T11:55:10,usPrDX8ochVL4G8edmNb2Z4NF3TZY
2,Annette,4oz Tin Candle,2022-09-10T11:53:57,0lKLTlAtq5HrpI94DJ8Bs0pZNTHZY
3,Stickers,Regular,2022-09-10T11:40:04,Sudu7lLcV93EEIGVUOLFrhUuqO8YY
1,Nyx,4oz Tin Candle,2022-09-10T11:40:04,Sudu7lLcV93EEIGVUOLFrhUuqO8YY
1,Joker,8oz Glass Candle,2022-09-10T11:33:06,ycCJhojrsXk9eXcrRbw8uHmAblAZY
1,Gumshoe,8oz Glass Candle,2022-09-08T17:25:53,2WwcgDO9yeLQz3LB9D1HOzCgmpaZY
4,Stickers,Regular,2022-09-08T17:25:53,2WwcgDO9yeLQz3LB9D1HOzCgmpaZY
1,Zagreus,4oz Tin Candle,2022-09-08T17:12:00,u4DK7J2F6RHPy3LJvVOC6aY7jVOZY
1,Birthday Card,Zagreus,2022-09-08T17:12:00,u4DK7J2F6RHPy3LJvVOC6aY7jVOZY
1,Birthday Card,Thanatos,2022-09-08T17:12:00,u4DK7J2F6RHPy3LJvVOC6aY7jVOZY
1,Marianne,Room Spray,2022-09-08T17:04:26,SocRCGedts6MYkbLyUFC3Pl8L4FZY
1,Tanjiro,8oz Glass Candle,2022-09-08T16:50:50,mALjhC2DDq1u7qJNlmam0NYvTlIZY
1,Dimitri,Room Spray,2022-09-08T16:40:14,MPtNfFLsQjTmBRwQdoeHc6GtS9OZY
1,Zagreus,8oz Glass Candle,2022-09-08T16:21:45,Uhwb7PVWfdIMWiQoDOEiX1tUltSZY
1,Nyx,4oz Tin Candle,2022-09-08T16:21:23,GUD4cBRqxqxwQ4tnJKsZpfcgn7BZY
1,Hubert,4oz Tin,2022-09-08T16:21:23,GUD4cBRqxqxwQ4tnJKsZpfcgn7BZY
1,Ferdinand,4oz Tin Candle,2022-09-08T16:21:23,GUD4cBRqxqxwQ4tnJKsZpfcgn7BZY
1,Hilda,4oz Tin,2022-09-08T16:21:23,GUD4cBRqxqxwQ4tnJKsZpfcgn7BZY
1,Zagreus,8oz Glass Candle,2022-08-13T14:55:33,aACfMTS6663K0zQig4FpSIYGlL8YY
2,Stickers,Regular,2022-08-13T14:51:48,oBl4NosSi4bhRKeR30UXdC1fu66YY
1,Tanjiro,4oz Tin Candle,2022-08-13T14:38:01,s14Ff73YFKA34M2FjLGV37sBSwdZY
1,Tanjiro,8oz Glass Candle,2022-08-13T14:35:44,8DFkeKWUnALyOGmTBIxnGYPhXTEZY
1,Susato,4oz Tin,2022-08-13T13:44:22,wtFs6tls0Koi94xUKUuXArU2u7SZY
1,Miles Edgeworth ,4oz Tin Candle,2022-08-13T13:41:20,C88e0UrIwLqDhyF8Etr7is6XpbOZY
2,Stickers,Regular,2022-08-13T13:41:20,C88e0UrIwLqDhyF8Etr7is6XpbOZY
1,Hubert,4oz Tin,2022-08-13T12:54:07,62x1mioPFZGO6KjxgTWGKu6zNMNZY
1,Annette,4oz Tin Candle,2022-08-13T12:36:46,EzpNT6QpolPCqXmIqHAFLxSR6iAZY
1,Gumshoe,4oz Tin Candle,2022-08-13T12:36:46,EzpNT6QpolPCqXmIqHAFLxSR6iAZY
1,Annette,4oz Tin Candle,2022-08-13T11:45:27,cRqxPY5rj84lIsG6tmcRVQumQrTZY
1,Zagreus,4oz Tin Candle,2022-08-11T19:10:48,SkKTnkTQ27DDqWEULUm9xIjt63cZY
1,Claude,4oz Tin Candle,2022-08-11T19:10:48,SkKTnkTQ27DDqWEULUm9xIjt63cZY
1,Yuri,4oz Tin Candle,2022-08-11T19:10:48,SkKTnkTQ27DDqWEULUm9xIjt63cZY
1,Nezuko,4oz Tin Candle,2022-08-11T19:10:48,SkKTnkTQ27DDqWEULUm9xIjt63cZY
1,Hubert,4oz Tin,2022-08-11T19:10:48,SkKTnkTQ27DDqWEULUm9xIjt63cZY
1,Tanjiro,4oz Tin Candle,2022-08-11T17:44:09,YbeKmJccxMksUTpZY51uxU8WvQbZY
1,Susato,4oz Tin,2022-08-11T17:44:09,YbeKmJccxMksUTpZY51uxU8WvQbZY
1,Yuri,4oz Tin Candle,2022-08-11T17:44:09,YbeKmJccxMksUTpZY51uxU8WvQbZY
1,Hilda,4oz Tin,2022-08-11T17:44:09,YbeKmJccxMksUTpZY51uxU8WvQbZY
1,Wick Trimmer,Regular,2022-08-11T17:44:09,YbeKmJccxMksUTpZY51uxU8WvQbZY
1,Nezuko,4oz Tin Candle,2022-08-11T17:44:09,YbeKmJccxMksUTpZY51uxU8WvQbZY
1,Hilda,8oz Glass,2022-08-11T17:34:59,Adx0cj8n42f8wC5Ikl0H45QapU7YY
1,Wick Trimmer,Regular,2022-08-11T17:34:59,Adx0cj8n42f8wC5Ikl0H45QapU7YY
2,Stickers,Regular,2022-08-11T17:34:59,Adx0cj8n42f8wC5Ikl0H45QapU7YY
1,Zagreus,8oz Glass Candle,2022-08-11T16:59:22,UvBewudmX3MdvWReD5CHGUeeODGZY
2,Dimitri,4oz Tin Candle,2022-08-11T16:39:23,MnJzSdKSzankua3vB2AoiOLKlQeZY
1,Kazuma,8oz Glass,2022-08-11T16:35:13,wfWUs1OywnzhFjfTIaD9VoCc3AJZY
1,Dimitri,8oz Glass Candle,2022-08-11T16:20:07,oBjxaYmf4nVnFEpmWjSLYCi8ZEXZY
1,Thanatos,8oz Glass Candle,2022-08-11T16:20:07,oBjxaYmf4nVnFEpmWjSLYCi8ZEXZY
1,Claude,4oz Tin Candle,2022-08-11T16:20:07,oBjxaYmf4nVnFEpmWjSLYCi8ZEXZY
1,Claude,4oz Tin Candle,2022-08-11T16:06:10,0pE5iO9gVNtPd1DmzfGmKVa1yjeZY
1,Joker,4oz Tin Candle,2022-08-11T14:49:41,4bMdyP7i8FscxzOZlls7RklJGaUZY
1,Sylvain,4oz Tin,2022-08-11T14:47:43,GCgfSXbIqhjCuAhr4GyAdqtEyLcZY
1,Edelgard,4oz Tin Candle,2022-08-11T14:43:51,4Rxcr5pI7zhKGQnHBogX1tiVE9NZY
1,Kazuma,4oz Tin,2022-08-11T14:43:51,4Rxcr5pI7zhKGQnHBogX1tiVE9NZY
1,Practice Sale,Regular,2022-08-10T11:36:23,Co03YqulJBk6QLD0fPd0sYa53ceZY
1,Phoenix Wright ,4oz Tin Candle,2023-02-18T14:09:02,KEOiySSLuyxet7t4eHzWSyw9saGZY
1,Annette,8oz Glass Candle,2023-02-18T14:01:57,ai5UJrpqikVKqoBtKoWOx0GUdu5YY
1,Franziska,4oz Tin Candle,2023-02-18T13:54:38,EXhuq43kvP0PTavkZDkJNbnALrYZY
2,Stickers,Regular,2023-02-18T13:54:38,EXhuq43kvP0PTavkZDkJNbnALrYZY
1,Tanjiro,4oz Tin Candle,2023-02-18T13:54:00,kyiE6ozMmD5H5T39j5ufpckeV
1,Linhardt,4oz Tin Candle,2023-02-18T13:54:00,kyiE6ozMmD5H5T39j5ufpckeV
3,Stickers,Regular,2023-02-18T13:08:39,axaPOKMf0R1vzGRjH1BOubgeV
1,Hilda,4oz Tin,2023-02-18T13:08:01,wvwJgWrUbqC0qIZ64tkm5xBfzdZZY
1,Phoenix Wright ,4oz Tin Candle,2023-02-18T13:08:01,wvwJgWrUbqC0qIZ64tkm5xBfzdZZY
1,Linhardt,4oz Tin Candle,2023-02-18T13:08:01,wvwJgWrUbqC0qIZ64tkm5xBfzdZZY
1,Maya Fey,4oz Tin Candle,2023-02-18T13:06:10,SSfKJvZR6Y9wwaclc5PZL2Yj7bPZY
1,Marianne,4oz Tin Candle,2023-02-18T13:06:10,SSfKJvZR6Y9wwaclc5PZL2Yj7bPZY
1,Ann,4oz Tin Candle,2023-02-18T13:06:10,SSfKJvZR6Y9wwaclc5PZL2Yj7bPZY
1,Futaba,4oz Tin Candle,2023-02-18T12:55:59,gLG9hO1fgZapWEog19wY6QDqWWBZY
1,Felix,8oz Glass Candle,2023-02-18T12:18:46,szZQieNKi0ZhpWt72FBh2E9PokMZY
2,Stickers,Regular,2023-02-18T12:18:46,szZQieNKi0ZhpWt72FBh2E9PokMZY
1,Zagreus,8oz Glass Candle,2023-02-18T12:04:08,igOAb8xTxtMbHv9KueNWy9suGHRZY
1,Loid,Regular,2023-02-16T22:57:43,ESmM57xKCcv1BoLn3JluK8leV
1,Phoenix Wright ,Wax Melts,2023-02-16T22:57:43,ESmM57xKCcv1BoLn3JluK8leV
1,Dimitri,4oz Tin Candle,2023-02-16T22:49:47,m5TphwmvxGQdKdFHx9ve0GoeV
1,Stickers,Regular,2023-01-27T11:00:38,mb8ptHTEgZRd3lFztkBCAaAfV
1,Wick Trimmer,Regular,2023-01-15T19:11:59,Ibyeg9BgF243S7CL0EbG9B04X7GZY
1,Loid,Regular,2023-01-15T18:57:55,Iuv4K8vwcmY7pAnRRYUg9hzeV
1,Hubert,4oz Tin,2023-01-15T18:52:32,Itfajk7y9auJ5hRlmcTyvzjlBTCZY
1,Loid,Regular,2023-01-15T16:56:12,eMn99efdtzV1PGFCO2M8lcjwSpBZY
1,Thanatos,4oz Tin Candle,2023-01-15T16:00:27,Ar0YlUrElrmB3aTbzm5OF4FlggIZY
4,Stickers,Regular,2023-01-15T16:00:27,Ar0YlUrElrmB3aTbzm5OF4FlggIZY
1,Dimitri,Room Spray,2023-01-15T14:53:10,075zIOolGI3OLhVcXULoOrvMSLbZY
1,Ferdinand,Room Spray,2023-01-15T14:53:10,075zIOolGI3OLhVcXULoOrvMSLbZY
1,Thanatos,8oz Glass Candle,2023-01-15T14:53:10,075zIOolGI3OLhVcXULoOrvMSLbZY
1,Edelgard,4oz Tin Candle,2023-01-15T14:53:10,075zIOolGI3OLhVcXULoOrvMSLbZY
1,Stickers,Regular,2023-01-15T14:48:13,cLR4et4r5C0tzoD23RRrTO58VPdZY
1,Thanatos,8oz Glass Candle,2023-01-15T14:47:27,EjvQtI2OEe36y1u7LuMB9UJzeXIZY
1,Birthday Card,Zagreus,2023-01-15T14:36:09,I9vg6TlmVXtYFZX70zbzZFs9Lc6YY
1,Dimitri,4oz Tin Candle,2023-01-15T14:26:04,yYE3htjpAUFCsrN9fYESsPnTCvYZY
1,Edelgard,4oz Tin Candle,2023-01-15T14:26:04,yYE3htjpAUFCsrN9fYESsPnTCvYZY
1,Kazuma,4oz Tin,2023-01-15T14:10:48,c2MLwsy6hEsa29b9KSWDvbxeV
1,Ryunosuke,4oz Tin,2023-01-15T13:52:38,AmB2GBxst0kc6lzEAFNYfwAfV
1,Hypnos,4oz Tin Candle,2023-01-15T13:52:38,AmB2GBxst0kc6lzEAFNYfwAfV
1,Hilda,4oz Tin,2023-01-15T13:52:07,WtLG54a0TzktMdKKig6EwRleV
1,Wax Melt Sample Packs,Fire Emblem Three Houses,2023-01-15T13:52:07,WtLG54a0TzktMdKKig6EwRleV
1,Hubert,4oz Tin,2023-01-15T13:26:19,8aA8CQd420czhWJiVgnwE8xeV
1,Zagreus,4oz Tin Candle,2023-01-15T13:26:19,8aA8CQd420czhWJiVgnwE8xeV
1,Hypnos,8oz Glass Candle,2023-01-15T13:18:50,S0uZ3Y6zRvdK21wHGswDMtPtVnRZY
1,Herlock Sholmes,4oz Tin Candle,2023-01-15T12:33:03,MzrFwt17E2lADrqgir9sdPw2orHZY
1,Yor,Regular,2023-01-15T11:25:59,cymfNTNHrcM6bB8HBUL8oD4eV
1,Tanjiro,8oz Glass Candle,2023-01-14T18:08:35,EPvzIEzZhCPLkHgc57LYU9tQWxYZY
1,Ferdinand,8oz Glass Candle,2023-01-14T18:02:12,GVnkp5k8AiE2jES1WJWeY00eV
1,Claude,4oz Tin Candle,2023-01-14T17:45:29,KkYt18I7ZnvVMh4HLP2rAqbSNUeZY
1,Zagreus,4oz Tin Candle,2023-01-14T16:57:32,iyvK4ZcCefojWwY0XoKMvaz2MdIZY
1,Wick Trimmer,Regular,2023-01-14T16:24:43,e4P0kqZ9IiVUOjUgdChe8B9wPVdZY
1,Anya,Regular,2023-01-14T16:24:43,e4P0kqZ9IiVUOjUgdChe8B9wPVdZY
1,Phoenix Wright ,Room Spray,2023-01-14T16:01:14,oNTUXBRR52LguEZVcPRvFKVYIKbZY
1,Miles Edgeworth ,8oz Glass Candle,2023-01-14T13:33:13,igSS3mR7rDEpBi3B4dc0YWSNBIVZY
1,Nyx,8oz Glass Candle,2023-01-14T13:33:13,igSS3mR7rDEpBi3B4dc0YWSNBIVZY
1,Joker,8oz Glass Candle,2023-01-14T13:33:13,igSS3mR7rDEpBi3B4dc0YWSNBIVZY
1,Nyx,8oz Glass Candle,2023-01-14T13:10:28,8vN18HenBRafOilBhiOdV3C1tQFZY
1,Dimitri,4oz Tin Candle,2023-01-14T12:36:48,KF8pwPu3tP57DRCvRQJamIoeV
1,Dimitri,8oz Glass Candle,2023-01-14T12:28:19,o6vnpaWhepH3Sx46DEs0gQweV
1,Akechi,8oz Glass Candle,2023-01-14T12:09:47,YkCQH6iifrSCE2nECrLSm0AfV
1,Claude,8oz Glass Candle,2023-01-14T12:09:47,YkCQH6iifrSCE2nECrLSm0AfV
1,Marianne,4oz Tin Candle,2023-01-14T12:03:36,mddTscJbP9zmvEUkKqIlxM2eV
1,Dimitri,4oz Tin Candle,2023-01-14T12:02:55,EmYURU2URM8Ngq8C5tgL8mreV
1,Edelgard,8oz Glass Candle,2023-01-14T12:00:53,2zwr71UMzW7kGBkVwgripY5eV
6,Stickers,Regular,2023-01-14T11:15:26,siqxgoCIgxGxQlrkiMD4K87eV
1,Zagreus,8oz Glass Candle,2023-01-14T11:05:48,yp2kLo6QMB3rKxlxGKy0PXneV
1,Joker,4oz Tin Candle,2023-01-14T10:40:26,eprcv4N4c1ItfySqojcHH0yeV
1,Joker,8oz Glass Candle,2023-01-14T10:32:37,4qrlsPFeX0PEM8MLOXeAUqjeV
1,Annette,4oz Tin Candle,2023-01-14T10:32:12,sMNuJHwXL1b5lJCrAwrkK6neV
1,Franziska,8oz Glass Candle,2022-12-18T16:59:58,opH9uD71nshGuF2nLnS8uljtjcaZY
1,Nezuko,8oz Glass Candle,2022-12-18T16:56:17,mCWMvoIvl7w4diyKTyvvxYcIA4aZY
1,Nyx,4oz Tin Candle,2022-12-18T16:35:56,ETpJZOFAQlYoGIM2s5uBxzPoZKNZY
1,Hubert,4oz Tin,2022-12-18T16:11:54,iehgukF9JXDyOiy4S7fDjWUNjEXZY
1,Winter Collection,Temptation,2022-12-18T16:02:21,eSgYrnebUd7okK711vZ9fCbiLKGZY
1,Yusuke,4oz Tin Candle,2022-12-18T16:02:21,eSgYrnebUd7okK711vZ9fCbiLKGZY
1,Hubert,4oz Tin,2022-12-18T16:01:42,oVtTVhGyF9ShTswg0LEsHQ399qeZY
1,Tanjiro,8oz Glass Candle,2022-12-18T15:59:00,wjCLhlVyJ08ASo2q8wBMHqrZ0t5YY
1,Zagreus,8oz Glass Candle,2022-12-18T15:59:00,wjCLhlVyJ08ASo2q8wBMHqrZ0t5YY
1,Hypnos,8oz Glass Candle,2022-12-18T15:56:15,8FMJXkJh3IKt9RzVy4fuPTPFKRfZY
1,Tanjiro,4oz Tin Candle,2022-12-18T15:48:40,m4R6CCMwW6gsTBMB4HbtlpbTw5SZY
1,Yuri,4oz Tin Candle,2022-12-18T15:48:40,m4R6CCMwW6gsTBMB4HbtlpbTw5SZY
1,Tanjiro,4oz Tin Candle,2022-12-18T15:48:40,m4R6CCMwW6gsTBMB4HbtlpbTw5SZY
1,Nyx,8oz Glass Candle,2022-12-18T15:48:40,m4R6CCMwW6gsTBMB4HbtlpbTw5SZY
1,Anya,Regular,2022-12-18T15:48:40,m4R6CCMwW6gsTBMB4HbtlpbTw5SZY
1,Nezuko,4oz Tin Candle,2022-12-18T15:48:40,m4R6CCMwW6gsTBMB4HbtlpbTw5SZY
1,Sylvain,4oz Tin,2022-12-18T15:42:15,mGaXEcUAIokLOgvPVLUWIwSoMTWZY
1,Wick Trimmer,Regular,2022-12-18T15:30:23,GWgmmKrlwLPozA3kpr9wkjwAyYdZY
1,Tanjiro,8oz Glass Candle,2022-12-18T15:30:23,GWgmmKrlwLPozA3kpr9wkjwAyYdZY
1,Loid,Regular,2022-12-18T15:16:38,eOQjQRa8bi0IXT9K8BZhMquZhX9YY
1,Akechi,4oz Tin Candle,2022-12-18T15:15:25,eANBssMVcfJiuzYUl4CRnm31G35YY
2,Stickers,Regular,2022-12-18T15:15:25,eANBssMVcfJiuzYUl4CRnm31G35YY
1,Maya Fey,4oz Tin Candle,2022-12-18T15:09:04,2KQVbRlaDD01LQrfIeMuUngXynNZY
1,Joker,8oz Glass Candle,2022-12-18T15:05:24,Ksw33nlBc6hfQTkotcapOH96dSGZY
1,Yor,Regular,2022-12-18T15:05:24,Ksw33nlBc6hfQTkotcapOH96dSGZY
1,Ryunosuke,4oz Tin,2022-12-18T14:55:20,8zdYeL3DwbJUFGJt3J3LCmqo3XZZY
1,Hypnos,4oz Tin Candle,2022-12-18T14:50:02,kvlSE4lUf97BDjvTvV6RuUtih9TZY
1,Maya Fey,4oz Tin Candle,2022-12-18T14:44:33,6ehjw74lGr72qicFu7knxKhYdfSZY
1,Anya,Regular,2022-12-18T14:43:43,mkF9UknhplgIMoskzDzyuXUIx9AZY
1,Wick Trimmer,Regular,2022-12-18T14:43:43,mkF9UknhplgIMoskzDzyuXUIx9AZY
1,Hypnos,4oz Tin Candle,2022-12-18T14:23:54,0nfr4aOBCJWSM8QEdeZK66J2h7JZY
1,Tanjiro,8oz Glass Candle,2022-12-18T14:23:54,0nfr4aOBCJWSM8QEdeZK66J2h7JZY
1,Ferdinand,4oz Tin Candle,2022-12-18T14:23:54,0nfr4aOBCJWSM8QEdeZK66J2h7JZY
1,Ferdinand,4oz Tin Candle,2022-12-18T14:23:36,sBAAeWW8rk9jk62FtyVjYie94KUZY
1,Tanjiro,8oz Glass Candle,2022-12-18T14:23:36,sBAAeWW8rk9jk62FtyVjYie94KUZY
1,Hypnos,4oz Tin Candle,2022-12-18T14:23:36,sBAAeWW8rk9jk62FtyVjYie94KUZY
1,Hypnos,8oz Glass Candle,2022-12-18T14:22:19,8zVQkb7ekg4P2hMvuwj8KjCYU2LZY
1,Ferdinand,4oz Tin Candle,2022-12-18T13:50:17,AzI8vazcbzxCpzzecV2Lk7YmzVVZY
1,Yuri,4oz Tin Candle,2022-12-18T13:50:17,AzI8vazcbzxCpzzecV2Lk7YmzVVZY
1,Franziska,4oz Tin Candle,2022-12-18T13:50:17,AzI8vazcbzxCpzzecV2Lk7YmzVVZY
1,Miles Edgeworth ,4oz Tin Candle,2022-12-18T13:45:47,eUlg0sDUWQt6fYB6jXete9Ihgs9YY
1,Dimitri,4oz Tin Candle,2022-12-18T13:40:48,MbpYbN0Ba5sH7nT16O3L0rtJwcUZY
1,Miles Edgeworth ,4oz Tin Candle,2022-12-18T13:40:24,UlEEL9EQFL40X09HCEhhAvaQPFQZY
1,Annette,4oz Tin Candle,2022-12-18T13:40:24,UlEEL9EQFL40X09HCEhhAvaQPFQZY
4,Stickers,Regular,2022-12-18T13:31:34,CEMKBfwqeVMAsFbeeOULGtwl0tcZY
1,Wax Melt Sample Packs,Fire Emblem Three Houses,2022-12-18T13:12:16,uaebHS118O3RQS6pabr7tKoIrfSZY
3,Stickers,Regular,2022-12-18T13:04:02,K4ODtgAroqAkk8muBQfotm2lzPcZY
1,Kazuma,4oz Tin,2022-12-18T13:02:22,2SCQxnH2jAk4FwXsVaeECmeYiMdZY
1,Hubert,4oz Tin,2022-12-18T12:46:14,QJPKMfEiAygp8tXaN9zuquZ8HWbZY
1,Thanatos,8oz Glass Candle,2022-12-18T12:46:14,QJPKMfEiAygp8tXaN9zuquZ8HWbZY
1,Akechi,8oz Glass Candle,2022-12-18T12:46:14,QJPKMfEiAygp8tXaN9zuquZ8HWbZY
1,Wick Trimmer,Regular,2022-12-18T12:46:14,QJPKMfEiAygp8tXaN9zuquZ8HWbZY
1,Sylvain,8oz Glass,2022-12-18T12:31:07,YZPviijf0oaWDJYPbL6UVTyQmraZY
1,Dimitri,4oz Tin Candle,2022-12-18T12:25:22,KONhFPgmeSTxjIpmW40MVaFmSUdZY
1,Gumshoe,Wax Melts,2022-12-18T12:24:50,kaCuqn1w0Kx53bDWQ2Q84GkeV
1,Phoenix Wright ,4oz Tin Candle,2022-12-18T12:18:30,qwUyUq2yLpwY1Vg5oQAoDkZQNyfZY
1,Yor,Regular,2022-12-18T12:13:28,wTOXaV5JEXAoecb3FfqVO0GVXLRZY
1,Zagreus,4oz Tin Candle,2022-12-18T12:10:09,CEKJZL2VLJpzXT1eOfn483lXe0UZY
1,Zagreus,4oz Tin Candle,2022-12-18T12:04:59,onqBBEnRUpQ6ffqhlC1t4PLWFzIZY
1,Stickers,Regular,2022-12-18T12:04:59,onqBBEnRUpQ6ffqhlC1t4PLWFzIZY
1,Miles Edgeworth ,8oz Glass Candle,2022-12-18T12:02:56,iiH6sBNZ97tX8wxtZmlRnzjUaYDZY
1,Phoenix Wright ,4oz Tin Candle,2022-12-18T11:53:10,4VDcH3cgep6MF9SVpVPh58SboQZZY
1,Franziska,4oz Tin Candle,2022-12-18T11:45:53,ETXWowjvp4qWPvskLWKVqxFnutGZY
1,Ferdinand,8oz Glass Candle,2022-12-18T11:36:45,4NrexHn6ffovG6w3invyH8tjfyRZY
1,Yuri,8oz Glass Candle,2022-12-18T11:36:45,4NrexHn6ffovG6w3invyH8tjfyRZY
1,Ryunosuke,4oz Tin,2022-12-18T11:36:45,4NrexHn6ffovG6w3invyH8tjfyRZY
1,Miles Edgeworth ,8oz Glass Candle,2022-12-18T11:11:42,gbaHxDekODUhvQdcZzn10BZjG7cZY
1,Hubert,8oz Glass,2022-12-18T10:27:22,sHhp3EazZzcnGytu53m855uvhFPZY
1,Akechi,4oz Tin Candle,2022-12-16T17:15:52,2cFv1PuVYtXoyORsSliNkJyualHZY
1,Anya,Regular,2022-12-16T17:15:52,2cFv1PuVYtXoyORsSliNkJyualHZY
1,Edelgard,8oz Glass Candle,2022-12-16T17:15:52,2cFv1PuVYtXoyORsSliNkJyualHZY
1,Ferdinand,4oz Tin Candle,2022-12-16T17:15:52,2cFv1PuVYtXoyORsSliNkJyualHZY
1,Hilda,8oz Glass,2022-12-16T17:15:52,2cFv1PuVYtXoyORsSliNkJyualHZY
1,Hilda,4oz Tin,2022-12-16T17:15:52,2cFv1PuVYtXoyORsSliNkJyualHZY
3,Hubert,4oz Tin,2022-12-16T17:15:52,2cFv1PuVYtXoyORsSliNkJyualHZY
1,Hubert,8oz Glass,2022-12-16T17:15:52,2cFv1PuVYtXoyORsSliNkJyualHZY
1,Hypnos,4oz Tin Candle,2022-12-16T17:15:52,2cFv1PuVYtXoyORsSliNkJyualHZY
1,Joker,8oz Glass Candle,2022-12-16T17:15:52,2cFv1PuVYtXoyORsSliNkJyualHZY
1,Miles Edgeworth ,8oz Glass Candle,2022-12-16T17:15:52,2cFv1PuVYtXoyORsSliNkJyualHZY
3,Nyx,4oz Tin Candle,2022-12-16T17:15:52,2cFv1PuVYtXoyORsSliNkJyualHZY
1,Phoenix Wright ,8oz Glass Candle,2022-12-16T17:15:52,2cFv1PuVYtXoyORsSliNkJyualHZY
1,Tanjiro,4oz Tin Candle,2022-12-16T17:15:52,2cFv1PuVYtXoyORsSliNkJyualHZY
2,Thanatos,4oz Tin Candle,2022-12-16T17:15:52,2cFv1PuVYtXoyORsSliNkJyualHZY
1,Zagreus,8oz Glass Candle,2022-12-16T17:15:52,2cFv1PuVYtXoyORsSliNkJyualHZY
1,Zagreus,4oz Tin Candle,2022-12-16T17:15:52,2cFv1PuVYtXoyORsSliNkJyualHZY
1,Yusuke,4oz Tin Candle,2022-12-16T17:15:52,2cFv1PuVYtXoyORsSliNkJyualHZY
1,Sylvain,4oz Tin,2022-12-11T16:59:15,6i5U9yHmA37pqVVzGC198taf7gJZY
1,Miles Edgeworth ,4oz Tin Candle,2022-12-11T16:57:26,6OTmTRTF3GTJdNQPsmG33UzJNY7YY
1,Nezuko,8oz Glass Candle,2022-12-11T16:53:37,0pY9vEgwEU8wxjelr5zxN3ZBoU6YY
1,Dimitri,4oz Tin Candle,2022-12-11T16:40:01,ozAnAkfPIxHcQCfBMnvRweiiIcZZY
1,Dimitri,4oz Tin Candle,2022-12-11T16:33:23,egbo6nvpksVR3hNuy1mWxSovK4VZY
1,Yuri,8oz Glass Candle,2022-12-11T16:28:34,EvvZnwxUmFXbIpy3AaYXHFriPkDZY
1,Dimitri,4oz Tin Candle,2022-12-11T16:18:12,8PDGRc9z88bEKb5cE9YJUXWtAYXZY
1,Wick Trimmer,Regular,2022-12-11T16:11:11,SapjgBfNJUYM0sfNNtHvqU6X0BUZY
1,Zagreus,8oz Glass Candle,2022-12-11T16:04:26,QxlxrvHngbnE8kv9JPdgP68c8f8YY
1,Tanjiro,8oz Glass Candle,2022-12-11T16:03:02,qCV2Ktxz2zKj31LbJLYiQAvV66WZY
5,Stickers,Regular,2022-12-11T16:03:02,qCV2Ktxz2zKj31LbJLYiQAvV66WZY
1,Yor,Regular,2022-12-11T15:55:50,26iCdO9Sv9eBDudiSMVzXOxeOqQZY
1,Joker,8oz Glass Candle,2022-12-11T15:49:49,Gm6dPJOHuFsPu0IFlf7H7U4n2GOZY
1,Hilda,4oz Tin,2022-12-11T15:45:45,ic2d3OghN4aZaUdapxQrS5Abz3dZY
1,Winter Collection,Temptation,2022-12-11T15:41:39,UzLqmRwrf9EW7W6X8KVWJhBMBh9YY
1,Wick Trimmer,Regular,2022-12-11T15:40:24,uQxRIkBXj8rehmZDYV9JWcWHrJgZY
1,Zagreus,4oz Tin Candle,2022-12-11T15:34:18,SyxjJB1NfMw2HAfMczNosv0Q0W6YY
1,Sylvain,4oz Tin,2022-12-11T15:33:50,2e23hZIXvuFAOrWc19Dswp5BYeSZY
1,Dimitri,4oz Tin Candle,2022-12-11T15:27:26,6UkTqHxeBQeCQtk3Tacd9IkwtWUZY
1,Phoenix Wright ,4oz Tin Candle,2022-12-11T15:25:48,C8m3K2hJmbhtdujEgoHkV4wdqNSZY
3,Stickers,Regular,2022-12-11T15:24:06,cTxIz7y3R82uN3kVSVZBnocSE1KZY
1,Edelgard,4oz Tin Candle,2022-12-11T15:22:35,2yaKmGAOdrb9NRkbk5VOH2DA33KZY
1,Edelgard,8oz Glass Candle,2022-12-11T15:21:27,CefTwj9CE8SOUm4cS7aAdeGKUrQZY
1,Maya Fey,4oz Tin Candle,2022-12-11T15:20:00,87ZCvEvSTv8m2eYfyNCKqHQJITZZY
1,Winter Collection,Temptation,2022-12-11T15:15:35,m8ljwBaDyv1xeg5qzFqX9BSLhWWZY
1,Tanjiro,4oz Tin Candle,2022-12-11T15:07:34,GCqmP9597HhEs9txT0Vl0q6jxTcZY
1,Hypnos,4oz Tin Candle,2022-12-11T15:03:50,i8GBVcq8IMwid85CDucfJBdqcqVZY
1,Gumshoe,8oz Glass Candle,2022-12-11T15:03:14,4DSecEWWqCVSxCPJoGBsnybjUhVZY
1,Zagreus,4oz Tin Candle,2022-12-11T14:50:57,OOEBbD1ys9erNsgHUnTBwniP6YYZY
1,Hypnos,8oz Glass Candle,2022-12-11T14:43:47,Yx50zh3ozGlasIpyvrnOK6dppVBZY
3,Stickers,Regular,2022-12-11T14:39:08,AtTBc3Gj6phs510SQVfF8LWayITZY
1,Ferdinand,4oz Tin Candle,2022-12-11T14:36:20,es3ZDYODwyd5Nplr92vb1RmCsoZZY
1,Loid,Regular,2022-12-11T14:10:33,G0xTooFVXnHovLcNv2NIVDJwO96YY
1,Anya,Regular,2022-12-11T14:04:52,uq2rfohccpuDk1mzWpHUgnLyFFSZY
1,Wick Trimmer,Regular,2022-12-11T13:56:07,E5Yt611UWSFFnQwJvnamF3UchD6YY
1,Thanatos,8oz Glass Candle,2022-12-11T13:54:39,IzmYt48Q52cNt3m2rIngvlHX4YNZY
1,Winter Collection,Nocturne,2022-12-11T13:53:09,0vDTGbS16goMsfuQ7OM0wwx1LIEZY
1,Zagreus,8oz Glass Candle,2022-12-11T13:48:00,CKZ5OjWeqHcsyqprzrhLF249oq8YY
1,Nyx,4oz Tin Candle,2022-12-11T13:05:41,YxrX07VQ5lj1U0IPU8aDDFUPXpKZY
1,Loid,Regular,2022-12-11T12:56:52,4rYFFVkfdQj0WrTJn1iMYBRWOg7YY
1,Nyx,8oz Glass Candle,2022-12-11T12:54:42,MFW0Roa12FHKy8a7dnBcnZH5XJEZY
1,Anya,Regular,2022-12-11T12:49:45,IjKgwbNfrXV4tCqRTmOZpz03ciKZY
1,Wax Melt Sample Packs,Hades,2022-12-11T12:36:29,uMPrr1Mm6i9pJQm51HZynHPTW0GZY
1,Winter Collection,Nocturne,2022-12-11T12:30:55,wnA1h6nrwgMdQFJfbDSxof8WDfCZY
1,Yor,Regular,2022-12-11T12:18:30,kLFXc9d3kbzd2S4136eGSzM48o9YY
1,Hypnos,4oz Tin Candle,2022-12-11T12:03:24,Uj9J3njn78jyphrE35ynJlAKQ3ZZY
1,Thanatos,8oz Glass Candle,2022-12-11T11:50:16,OgxJaT0Pj806yt9c4PyuyzzIXWMZY
1,Maya Fey,4oz Tin Candle,2022-12-11T11:29:09,aImD8e2QTKtxWqD7eNIao2GpKILZY
1,Hubert,4oz Tin,2022-12-11T11:29:09,aImD8e2QTKtxWqD7eNIao2GpKILZY
1,Winter Collection,Nocturne,2022-12-11T11:19:32,Mb5i2A9k0DBbRQD4VCS7U2hV4cVZY
1,Nezuko,8oz Glass Candle,2022-12-11T11:13:47,2Ku03F4Dzcuc2i1HBwvoGk1RjEJZY
1,Herlock Sholmes,4oz Tin Candle,2022-12-11T10:45:47,U5gjwAjkKqUtdiizUSSR3q4A3zXZY
1,Franziska,4oz Tin Candle,2022-12-11T10:45:47,U5gjwAjkKqUtdiizUSSR3q4A3zXZY
1,Loid,Regular,2022-12-11T10:45:47,U5gjwAjkKqUtdiizUSSR3q4A3zXZY
1,Herlock Sholmes,4oz Tin Candle,2022-12-11T10:45:47,U5gjwAjkKqUtdiizUSSR3q4A3zXZY
